,time,heart_rate,rr_interval,current_state
0,0.0,118,514,0
1,0.9897303581237793,119,527,0
2,2.0242743492126465,118,560,0
3,3.0173327922821045,118,634,0
4,4.003644704818726,117,603,0
5,4.994094610214233,114,561,0
6,5.984066486358643,113,536,0
7,7.019583463668823,114,547,0
8,8.01013708114624,113,597,0
9,9.000498294830322,109,609,0
10,9.990593433380127,105,641,0
11,11.026012897491455,103,593,0
12,12.015703201293945,106,535,0
13,13.006244897842407,110,517,0
14,13.996989965438843,113,520,0
15,14.986130475997925,114,562,0
16,16.02118945121765,113,558,0
17,17.018043279647827,112,547,0
18,18.001863718032837,113,531,0
19,18.992128372192383,114,533,0
20,20.026741981506348,114,540,0
21,21.01759648323059,114,540,0
22,22.05246877670288,113,579,0
23,23.042860507965088,110,569,0
24,24.077552795410156,111,521,0
25,25.023481607437134,115,499,0
26,26.013071537017822,118,499,0
27,27.0037899017334,120,496,0
28,27.99323320388794,121,510,0
29,29.02947163581848,120,532,0
30,30.01892852783203,118,519,0
31,31.00944995880127,118,522,0
32,31.999913215637207,118,511,0
33,32.989909410476685,120,490,0
34,34.02505278587341,121,489,0
35,35.0154242515564,122,508,0
36,36.00459122657776,115,623,0
37,36.99541521072388,108,647,0
38,38.030495405197144,104,607,0
39,39.02013278007507,105,558,0
40,40.01048445701599,107,573,0
41,41.00157165527344,105,615,0
42,41.992337226867676,104,562,0
43,43.02704191207886,106,543,0
44,44.016491651535034,109,551,0
45,45.0061674118042,108,686,0
46,45.99727416038513,103,671,0
47,47.03247666358948,100,664,0
48,48.02249455451965,98,633,0
49,49.01230978965759,99,578,0
50,50.00282144546509,104,528,0
51,50.992719888687134,107,521,0
52,52.02833819389343,111,565,0
53,53.01800799369812,112,778,0
54,54.00817561149597,113,785,0
55,54.999372720718384,111,762,0
56,56.033714294433594,106,695,0
57,57.02391195297241,102,605,0
58,58.013978481292725,102,545,0
59,59.00581097602844,106,532,0
60,59.99532866477966,108,586,0
61,61.030131816864014,110,758,0
62,62.02039670944214,110,728,0
63,63.01058840751648,109,706,0
64,64.00102949142456,108,623,0
65,65.03548550605774,107,559,0
66,66.02660512924194,108,570,0
67,67.01636409759521,108,632,0
68,68.00866079330444,104,694,0
69,68.9967155456543,95,719,0
70,70.03149151802063,94,661,0
71,71.02184200286865,94,650,0
72,72.05695843696594,95,609,0
73,73.04825472831726,96,573,0
74,74.03751945495605,100,566,0
75,75.02794885635376,101,624,0
76,76.01844263076782,99,728,0
77,77.00794720649719,96,722,0
78,77.99853849411011,93,697,0
79,79.03365707397461,93,627,0
80,80.02387022972107,96,582,0
81,81.01421356201172,98,560,0
82,82.00792098045349,100,580,0
83,83.03938961029053,101,667,0
84,84.02947354316711,98,749,0
85,85.0193121433258,90,748,0
86,86.01032495498657,89,678,0
87,87.00070977210999,90,593,0
88,88.03514838218689,93,570,0
89,89.02608370780945,96,567,0
90,90.01522326469421,99,615,0
91,91.00628447532654,98,731,0
92,92.04109168052673,94,734,0
93,93.03138089179993,91,691,0
94,94.02073526382446,91,622,0
95,95.01168179512024,93,582,0
96,96.00479984283447,98,548,0
97,97.03707265853882,101,607,0
98,98.02678966522217,100,731,0
99,99.0174560546875,96,653,0
100,100.00808477401733,99,550,0
101,101.0453143119812,107,519,0
102,102.03336906433105,112,506,0
103,103.06803965568542,114,524,0
104,104.01487517356873,114,566,0
105,105.00361180305481,110,632,0
106,106.03836822509766,106,589,0
107,107.02850437164307,107,545,0
108,108.01900267601013,108,542,0
109,109.00975632667542,110,559,0
110,110.04418659210205,109,568,0
111,111.03454303741455,109,620,0
112,112.0266318321228,105,658,0
113,113.01505255699158,103,651,0
114,114.00588059425354,100,621,0
115,115.04038667678833,100,607,0
116,116.03085708618164,100,641,0
117,117.02075791358948,99,637,0
118,118.01094484329224,98,678,0
119,119.04567694664001,96,673,0
120,120.03614163398743,95,635,0
121,121.02682423591614,96,634,0
122,122.06151962280273,96,636,0
123,123.05250239372253,98,595,0
124,124.04224061965942,99,613,0
125,125.03176403045654,99,610,0
126,126.02227139472961,100,609,0
127,127.01275730133057,100,644,0
128,128.0471751689911,99,612,0
129,129.03844952583313,100,589,0
130,130.02812480926514,103,560,0
131,131.01990127563477,104,550,0
132,132.00831532478333,106,575,0
133,133.04390025138855,105,673,0
134,134.03417563438416,100,696,0
135,135.02389311790466,98,719,0
136,136.01349592208862,94,673,0
137,137.09476852416992,94,625,0
138,138.03994727134705,97,579,0
139,139.03008890151978,101,550,0
140,140.01986122131348,103,574,0
141,141.0111813545227,105,581,0
142,142.04531288146973,105,633,0
143,143.03580975532532,102,657,0
144,144.02576327323914,101,601,0
145,145.0162696838379,101,613,0
146,146.05122470855713,101,589,0
147,147.04162311553955,102,569,0
148,148.03204774856567,104,574,0
149,149.02163290977478,107,527,0
150,150.0119969844818,110,521,0
151,151.0470666885376,113,538,0
152,152.03751397132874,112,556,0
153,153.02737522125244,112,529,0
154,154.06322264671326,115,498,0
155,155.05313110351562,118,495,0
156,156.08805584907532,121,487,0
157,157.0326590538025,123,483,0
158,158.0243697166443,125,478,0
159,159.01363515853882,126,479,0
160,160.04890203475952,127,473,0
161,161.04002380371094,129,466,0
162,162.02929282188416,130,459,0
163,163.0202567577362,132,458,0
164,164.05498576164246,132,466,0
165,165.045592546463,131,492,0
166,166.03795266151428,127,530,0
167,167.0246512889862,123,533,0
168,168.01553988456726,120,542,0
169,169.0504822731018,117,552,0
170,170.04076957702637,116,523,0
171,171.0760862827301,117,533,0
172,172.06605195999146,116,561,0
173,173.05646634101868,113,559,0
174,174.04605150222778,109,625,0
175,175.03645491600037,107,643,0
176,176.02659392356873,103,634,0
177,177.01701402664185,103,570,0
178,178.05228471755981,104,583,0
179,179.0429768562317,104,590,3
180,180.0356891155243,104,585,3
181,181.02327227592468,104,641,3
182,182.05828976631165,101,653,3
183,183.0481412410736,100,609,3
184,184.0382695198059,100,626,3
185,185.02806329727173,100,599,3
186,186.01931858062744,101,578,3
187,187.0539653301239,103,563,3
188,188.04463505744934,104,587,3
189,189.0344111919403,104,626,1
190,190.0250906944275,102,698,1
191,191.06111907958984,98,670,1
192,192.05072355270386,95,666,1
193,193.04188752174377,95,573,1
194,194.03704166412354,99,558,1
195,195.0213234424591,102,565,1
196,196.05681347846985,104,586,1
197,197.04673600196838,104,636,1
198,198.03649353981018,102,618,1
199,199.02846908569336,101,616,1
200,200.06403589248657,100,596,1
201,201.051696062088,101,595,1
202,202.04363441467285,102,586,1
203,203.03566098213196,102,648,1
204,204.02223873138428,99,656,1
205,205.05788612365723,99,607,1
206,206.0476417541504,99,593,1
207,207.03945088386536,101,593,1
208,208.03226280212402,101,622,1
209,209.0636649131775,100,668,1
210,210.09905076026917,97,645,1
211,211.0443308353424,97,602,1
212,212.03422904014587,99,606,1
213,213.0272674560547,100,581,1
214,214.05930376052856,101,641,1
215,215.04977440834045,99,688,1
216,216.03991746902466,99,580,1
217,217.0299665927887,102,560,1
218,218.06524562835693,103,595,1
219,219.05590891838074,103,617,1
220,220.04538130760193,103,582,1
221,221.08157920837402,106,546,1
222,222.07380867004395,108,552,1
223,223.0620710849762,109,554,1
224,224.05198860168457,109,578,1
225,225.04132413864136,108,582,1
226,226.03168487548828,108,563,1
227,227.06637167930603,108,580,1
228,228.05746150016785,108,555,1
229,229.04813241958618,109,568,1
230,230.03769326210022,108,573,1
231,231.0278034210205,109,558,1
232,232.06339979171753,108,592,1
233,233.05347728729248,107,580,1
234,234.04311442375183,107,589,1
235,235.03389954566956,106,581,1
236,236.1139395236969,106,570,1
237,237.05935382843018,107,566,1
238,238.04859018325806,107,556,1
239,239.03944635391235,108,567,1
240,240.0310080051422,108,573,1
241,241.0662124156952,108,573,1
242,242.05441522598267,108,586,1
243,243.04595279693604,107,606,1
244,244.03528380393982,105,592,1
245,245.02598690986633,104,604,1
246,246.06099367141724,104,592,1
247,247.0515489578247,103,590,1
248,248.04207825660706,103,606,1
249,249.0310583114624,103,608,1
250,250.06603384017944,102,631,1
251,251.0567011833191,101,600,1
252,252.04672479629517,103,557,1
253,253.03657221794128,107,524,1
254,254.02697086334229,111,525,1
255,255.06271028518677,112,513,1
256,256.05237579345703,114,535,1
257,257.04529190063477,110,672,1
258,258.03364181518555,107,592,1
259,259.06797766685486,106,597,1
260,260.05817103385925,104,602,1
261,261.04814171791077,105,581,1
262,262.03867650032043,105,576,1
263,263.029367685318,107,549,1
264,264.0642902851105,108,546,1
265,265.054301738739,109,545,1
266,266.0456590652466,111,550,1
267,267.0346312522888,111,571,1
268,268.07001543045044,110,603,1
269,269.05934286117554,107,603,1
270,270.0500707626343,105,613,1
271,271.0862753391266,104,592,1
272,272.0763428211212,104,570,1
273,273.06517457962036,105,575,1
274,274.05534291267395,105,620,1
275,275.04710960388184,103,654,1
276,276.0362470149994,98,761,1
277,277.0715925693512,93,718,1
278,278.06604170799255,92,688,1
279,279.0527358055115,91,661,1
280,280.041969537735,92,651,1
281,281.0322823524475,92,648,1
282,282.0673758983612,94,635,1
283,283.05744671821594,94,615,1
284,284.04981684684753,96,607,1
285,285.03784799575806,98,611,1
286,286.117671251297,98,599,1
287,287.06395292282104,99,629,1
288,288.0545439720154,98,645,1
289,289.0435507297516,98,644,1
290,290.0343163013458,97,662,1
291,291.07005524635315,96,634,1
292,292.06280303001404,97,637,1
293,293.0502893924713,97,595,1
294,294.0414400100708,100,573,1
295,295.0754613876343,102,609,1
296,296.0651071071625,102,616,1
297,297.05492997169495,101,678,1
298,298.0461039543152,98,649,1
299,299.0358748435974,98,603,1
300,300.07132148742676,101,575,1
301,301.0626931190491,103,589,1
302,302.0510139465332,103,638,1
303,303.0420563220978,101,410,1
304,304.0782449245453,100,655,1
305,305.06667494773865,99,633,1
306,306.0616409778595,100,580,1
307,307.0471160411835,102,429,1
308,308.03845977783203,103,573,1
309,309.07294154167175,104,580,1
310,310.065354347229,105,580,1
311,311.05323243141174,105,770,1
312,312.0886948108673,104,654,1
313,313.0784418582916,101,638,1
314,314.0694727897644,100,794,1
315,315.0596113204956,99,617,1
316,316.04889249801636,101,574,1
317,317.0394387245178,102,594,1
318,318.0745096206665,102,598,1
319,319.0646855831146,101,662,1
320,320.1444516181946,99,603,1
321,321.0899591445923,99,598,1
322,322.08016085624695,100,611,1
323,323.0700762271881,101,595,1
324,324.060574054718,101,602,1
325,325.05230617523193,102,595,1
326,326.04121136665344,103,587,1
327,327.07589507102966,104,561,1
328,328.0665144920349,107,546,1
329,329.05646872520447,108,566,1
330,330.0509536266327,108,573,1
331,331.08166885375977,107,599,1
332,332.07357954978943,106,608,1
333,333.06196665763855,104,609,1
334,334.0523455142975,102,636,3
335,335.04239082336426,103,565,3
336,336.0774414539337,106,537,3
337,337.0678312778473,110,522,3
338,338.0586726665497,113,508,2
339,339.04804277420044,115,519,2
340,340.0843963623047,116,555,2
341,341.07420587539673,114,678,2
342,342.06386256217957,100,725,2
343,343.05392265319824,97,654,2
344,344.0897228717804,98,585,2
345,345.0793113708496,102,561,2
346,346.069096326828,103,587,2
347,347.05995416641235,105,446,2
348,348.0499053001404,106,581,2
349,349.0854983329773,108,535,2
350,350.07522797584534,111,519,2
351,351.0660617351532,112,545,2
352,352.0559403896332,112,563,2
353,353.0456328392029,109,627,2
354,354.0810058116913,107,605,2
355,355.0713036060333,105,615,2
356,356.06130814552307,104,570,2
357,357.0550982952118,107,548,2
358,358.08831429481506,109,553,2
359,359.0777122974396,109,543,2
360,360.0669596195221,110,571,2
361,361.0578043460846,107,648,2
362,362.04716062545776,104,618,2
363,363.0828597545624,103,592,2
364,364.0728933811188,103,582,2
365,365.06325483322144,105,556,2
366,366.0533275604248,106,574,2
367,367.0889904499054,106,598,2
368,368.078964471817,104,611,2
369,369.06907963752747,103,612,2
370,370.14909505844116,103,567,2
371,371.0967378616333,105,554,2
372,372.08507108688354,107,555,2
373,373.0743396282196,107,580,2
374,374.06502389907837,107,617,2
375,375.05595684051514,104,643,2
376,376.09018874168396,101,612,2
377,377.08053827285767,102,587,2
378,378.07076716423035,104,559,2
379,379.0605306625366,108,529,2
380,380.05389761924744,109,536,2
381,381.08631706237793,111,542,2
382,382.0770423412323,111,582,2
383,383.067106962204,109,577,2
384,384.05706667900085,108,468,2
385,385.136864900589,107,526,2
386,386.0823769569397,110,530,2
387,387.0719621181488,111,540,2
388,388.06240701675415,113,524,2
389,389.05261874198914,114,531,2
390,390.09048438072205,115,534,2
391,391.0793192386627,114,549,2
392,392.0688874721527,113,560,2
393,393.0583095550537,111,575,3
394,394.0947940349579,110,565,3
395,395.0847499370575,110,562,3
396,396.07405948638916,110,562,3
397,397.06435537338257,110,537,3
398,398.05496072769165,112,536,3
399,399.08936738967896,112,540,3
400,400.0797452926636,113,552,3
401,401.0703933238983,112,548,3
402,402.06032943725586,113,526,3
403,403.0953006744385,115,509,3
404,404.08552861213684,117,520,1
405,405.0767731666565,117,518,1
406,406.06581950187683,118,521,1
407,407.0564212799072,117,538,1
408,408.0919909477234,114,589,1
409,409.08403301239014,112,624,1
410,410.0725028514862,107,651,1
411,411.0620262622833,102,638,1
412,412.09715366363525,99,703,1
413,413.09011149406433,99,544,1
414,414.07840633392334,102,549,1
415,415.1133191585541,106,422,1
416,416.05821228027344,109,615,1
417,417.1375629901886,109,603,1
418,418.0839340686798,106,616,1
419,419.07341146469116,103,628,1
420,420.1086575984955,102,592,1
421,421.10027551651,103,590,1
422,422.08970880508423,104,574,1
423,423.0798451900482,105,592,1
424,424.0697855949402,104,616,1
425,425.05933690071106,103,595,1
426,426.09668612480164,103,596,1
427,427.08521342277527,103,609,1
428,428.0752534866333,103,602,1
429,429.065612077713,102,608,1
430,430.1006169319153,102,583,1
431,431.0908782482147,103,570,1
432,432.0809528827667,105,579,1
433,433.0715799331665,105,595,1
434,434.0609941482544,104,641,1
435,435.14136004447937,102,638,1
436,436.08711194992065,100,650,1
437,437.0772988796234,98,669,1
438,438.0683927536011,98,624,1
439,439.10335183143616,98,603,1
440,440.09245467185974,99,584,1
441,441.0861988067627,101,599,1
442,442.0743901729584,101,610,1
443,443.0637354850769,101,608,1
444,444.0980396270752,101,593,1
445,445.08846855163574,103,569,1
446,446.079167842865,104,580,1
447,447.06897020339966,105,580,1
448,448.1039366722107,105,588,1
449,449.09531593322754,105,578,1
450,450.0842716693878,106,574,1
451,451.0746145248413,106,575,1
452,452.0652844905853,106,588,1
453,453.10048389434814,106,589,1
454,454.09108805656433,105,584,1
455,455.0841841697693,105,615,1
456,456.0718457698822,104,602,1
457,457.1055827140808,103,594,1
458,458.09595584869385,103,601,1
459,459.086403131485,103,587,1
460,460.078027009964,103,594,1
461,461.0674138069153,103,597,1
462,462.102254152298,103,599,1
463,463.09329867362976,103,609,1
464,464.0818271636963,103,593,1
465,465.11985754966736,103,593,1
466,466.1078405380249,103,584,1
467,467.1422007083893,104,591,1
468,468.088205575943,103,629,1
469,469.12779545783997,102,609,1
470,470.113249540329,101,621,1
471,471.1039228439331,101,596,1
472,472.0941174030304,102,582,1
473,473.0841796398163,103,584,1
474,474.0739872455597,104,592,1
475,475.1101408004761,103,634,1
476,476.09967374801636,101,634,1
477,477.08971905708313,100,636,1
478,478.07989716529846,99,615,1
479,479.07012367248535,99,604,1
480,480.1051502227783,100,592,1
481,481.09571599960327,102,582,1
482,482.08600306510925,103,583,1
483,483.0800750255585,104,574,1
484,484.1575996875763,105,581,1
485,485.1012623310089,104,591,1
486,486.09192156791687,104,607,1
487,487.08225774765015,103,610,1
488,488.0715854167938,102,603,1
489,489.1078305244446,102,603,1
490,490.09847140312195,102,592,1
491,491.08749628067017,103,588,1
492,492.07724499702454,103,598,1
493,493.1151261329651,103,596,1
494,494.1038508415222,102,617,1
495,495.09304666519165,102,607,1
496,496.0859262943268,101,609,1
497,497.07870626449585,101,617,1
498,498.1099057197571,102,580,1
499,499.09874629974365,103,588,1
500,500.08917593955994,103,589,1
501,501.07947063446045,102,658,1
502,502.11407828330994,100,608,1
503,503.10496640205383,101,578,1
504,504.0958354473114,103,572,1
505,505.08674359321594,106,542,1
506,506.0778648853302,108,566,1
507,507.1106059551239,108,576,1
508,508.1015741825104,107,599,1
509,509.0915071964264,105,607,1
510,510.08086013793945,104,613,1
511,511.11590051651,103,614,1
512,512.1065030097961,103,587,1
513,513.0980105400085,103,603,1
514,514.0868661403656,102,606,1
515,515.0812158584595,102,604,1
516,516.112386226654,102,585,1
517,517.1033594608307,103,576,1
518,518.0927882194519,104,590,1
519,519.1278314590454,103,606,1
520,520.1180558204651,103,632,1
521,521.1088128089905,101,631,1
522,522.1446659564972,101,610,1
523,523.0882482528687,99,646,1
524,524.0802397727966,99,604,1
525,525.1221351623535,99,423,1
526,526.1043374538422,99,610,1
527,527.0941667556763,100,600,1
528,528.086229801178,100,613,1
529,529.1198587417603,100,624,1
530,530.1096971035004,99,637,1
531,531.1012485027313,98,682,1
532,532.0914514064789,96,660,1
533,533.0803110599518,95,660,1
534,534.1603603363037,95,600,1
535,535.1060523986816,97,564,1
536,536.0964643955231,101,553,1
537,537.086353302002,106,530,1
538,538.1214938163757,110,517,1
539,539.1121039390564,113,521,1
540,540.1023778915405,114,626,1
541,541.0919675827026,109,647,1
542,542.081868648529,104,668,1
543,543.1171584129333,101,640,1
544,544.1078605651855,100,599,1
545,545.1024823188782,102,582,1
546,546.0886790752411,102,629,1
547,547.1236517429352,101,625,1
548,548.1138079166412,100,777,1
549,549.1045031547546,99,656,1
550,550.0938165187836,97,632,1
551,551.0839765071869,97,649,1
552,552.119686126709,97,630,3
553,553.1087062358856,97,648,3
554,554.0996842384338,96,654,3
555,555.0890028476715,96,611,2
556,556.1253480911255,100,545,2
557,557.1146922111511,105,533,2
558,558.1048150062561,108,565,2
559,559.0955858230591,108,634,2
560,560.085390329361,104,638,2
561,561.1214759349823,102,657,2
562,562.1104571819305,99,644,2
563,563.1011536121368,99,582,2
564,564.0911591053009,101,587,2
565,565.0820600986481,102,591,2
566,566.1168420314789,102,613,2
567,567.1100645065308,103,577,2
568,568.0970647335052,103,599,2
569,569.1315925121307,103,604,2
570,570.1226143836975,102,625,2
571,571.1121802330017,101,611,2
572,572.1027851104736,101,628,2
573,573.0934321880341,99,656,2
574,574.0831422805786,98,617,2
575,575.1186020374298,99,606,2
576,576.1079385280609,100,593,2
577,577.0984661579132,101,610,2
578,578.0894846916199,101,630,2
579,579.1248977184296,100,638,2
580,580.114310503006,98,632,2
581,581.1061518192291,97,645,2
582,582.0944521427155,97,615,2
583,583.0845985412598,98,600,2
584,584.2104744911194,99,602,2
585,585.1102693080902,100,600,2
586,586.1005673408508,101,628,2
587,587.0902135372162,99,669,2
588,588.1259520053864,97,629,2
589,589.1158299446106,97,634,2
590,590.1058645248413,97,615,2
591,591.0961136817932,98,597,2
592,592.0865001678467,99,617,2
593,593.1217565536499,99,608,2
594,594.1130204200745,100,619,2
595,595.1045780181885,99,625,2
596,596.091940164566,100,610,2
597,597.1277401447296,100,617,2
598,598.1176693439484,100,599,2
599,599.1085562705994,101,601,2
600,600.0977234840393,101,595,2
601,601.0894091129303,102,582,2
602,602.1230418682098,103,594,2
603,603.1134567260742,103,604,2
604,604.1034553050995,102,624,2
605,605.0945298671722,101,622,2
606,606.1294920444489,100,629,2
607,607.1201975345612,99,626,3
608,608.1099274158478,100,607,3
609,609.1001515388489,100,614,3
610,610.0900249481201,100,602,3
611,611.1250567436218,101,612,3
612,612.1160659790039,102,567,3
613,613.1048986911774,103,579,3
614,614.0960688591003,104,601,3
615,615.1302592754364,103,605,3
616,616.1213712692261,102,604,3
617,617.1121394634247,103,574,3
618,618.1467945575714,105,560,1
619,619.1375687122345,108,534,1
620,620.1269843578339,111,528,1
621,621.1172332763672,111,550,1
622,622.1074273586273,112,542,1
623,623.0975415706635,112,551,1
624,624.1328809261322,112,544,1
625,625.1231889724731,112,546,1
626,626.1138851642609,112,558,1
627,627.1101453304291,112,551,1
628,628.0935418605804,112,558,1
629,629.1287214756012,111,556,1
630,630.119401216507,111,578,1
631,631.1106162071228,109,590,1
632,632.1890358924866,108,580,1
633,633.1799838542938,107,589,1
634,634.1697359085083,106,576,1
635,635.1155679225922,106,575,1
636,636.1052277088165,106,595,1
637,637.0970301628113,105,608,1
638,638.131133556366,104,633,1
639,639.1206696033478,101,625,1
640,640.1112902164459,101,614,1
641,641.1008319854736,101,610,1
642,642.1359462738037,102,577,1
643,643.126677274704,104,564,1
644,644.1170742511749,105,574,1
645,645.1072881221771,105,595,1
646,646.1006708145142,104,623,1
647,647.1318919658661,103,607,1
648,648.1226398944855,102,609,1
649,649.1130890846252,101,602,1
650,650.1026904582977,102,594,1
651,651.1375796794891,102,588,1
652,652.1296765804291,103,601,1
653,653.1183979511261,102,624,1
654,654.1083879470825,101,625,1
655,655.1025929450989,100,629,1
656,656.1339049339294,100,601,1
657,657.1256985664368,100,620,1
658,658.1146337985992,100,623,1
659,659.1048731803894,100,614,1
660,660.1397569179535,100,602,1
661,661.1298606395721,101,585,1
662,662.121545791626,103,581,1
663,663.1102414131165,104,578,1
664,664.0999898910522,104,614,1
665,665.1354873180389,103,621,1
666,666.1277098655701,101,627,1
667,667.1164968013763,101,585,1
668,668.1511175632477,102,564,1
669,669.1430106163025,105,555,1
670,670.1319572925568,108,535,1
671,671.1219930648804,111,523,1
672,672.1124908924103,113,526,1
673,673.1016976833344,114,546,1
674,674.1375291347504,113,557,1
675,675.1286053657532,111,577,1
676,676.1175329685211,110,570,1
677,677.1076128482819,109,583,1
678,678.1428456306458,108,590,1
679,679.136636018753,107,576,1
680,680.1240131855011,107,581,1
681,681.1156437397003,107,568,1
682,682.1039664745331,107,572,1
683,683.1841733455658,107,588,1
684,684.1307590007782,106,597,1
685,685.1202738285065,105,606,1
686,686.1105153560638,104,585,1
687,687.1450009346008,104,590,1
688,688.1353230476379,105,578,1
689,689.1281275749207,105,593,1
690,690.160621881485,104,595,1
691,691.1055209636688,104,606,1
692,692.1407613754272,103,610,1
693,693.1327583789825,103,601,1
694,694.1215131282806,102,601,1
695,695.111524105072,103,572,1
696,696.1476519107819,104,573,1
697,697.1374821662903,104,597,1
698,698.1271486282349,104,610,1
699,699.1172568798065,102,632,1
700,700.1068019866943,100,618,1
701,701.1426341533661,100,604,1
702,702.1326959133148,101,589,1
703,703.1230034828186,102,594,1
704,704.1131656169891,102,616,1
705,705.1485724449158,101,627,1
706,706.140064239502,99,654,1
707,707.1288156509399,98,617,1
708,708.1186828613281,99,611,1
709,709.1090512275696,99,611,1
710,710.1439464092255,100,599,1
711,711.1363608837128,101,605,1
712,712.1245408058167,100,625,1
713,713.1142263412476,100,615,1
714,714.1506536006927,100,610,1
715,715.1400499343872,100,596,1
716,716.1348257064819,101,428,1
717,717.120402097702,102,584,1
718,718.1561417579651,102,580,1
719,719.1459188461304,103,598,1
720,720.1363101005554,103,617,1
721,721.1265003681183,102,640,1
722,722.117612361908,99,635,1
723,723.1519043445587,99,622,1
724,724.1438663005829,99,622,1
725,725.1323430538177,100,603,1
726,726.1243290901184,100,612,1
727,727.1130380630493,100,607,1
728,728.1474685668945,101,613,1
729,729.1386940479279,100,621,1
730,730.1288278102875,100,603,1
731,731.1186895370483,101,601,1
732,732.199027299881,101,580,1
733,733.1889517307281,103,586,1
734,734.1339828968048,103,587,1
735,735.1240470409393,104,599,1
736,736.114887714386,103,588,1
737,737.1491341590881,104,583,1
738,738.1398918628693,103,616,1
739,739.1305782794952,102,613,1
740,740.119918346405,101,609,1
741,741.1549551486969,101,621,1
742,742.1454198360443,101,581,1
743,743.1368346214294,102,585,1
744,744.130396604538,103,589,1
745,745.1611495018005,103,591,1
746,746.151248216629,103,613,1
747,747.1411345005035,103,606,1
748,748.1317167282104,102,608,1
749,749.122807264328,102,604,1
750,750.1570453643799,102,590,1
751,751.1483628749847,102,612,1
752,752.1381618976593,102,611,1
753,753.1275551319122,101,622,1
754,754.118495464325,100,635,1
755,755.1540687084198,99,616,1
756,756.1435446739197,100,586,1
757,757.1331384181976,101,587,1
758,758.126654624939,102,722,1
759,759.1589801311493,103,595,1
760,760.1490979194641,103,603,1
761,761.1386950016022,102,614,1
762,762.1287617683411,102,621,1
763,763.1200931072235,101,628,1
764,764.1547574996948,100,618,3
765,765.1448166370392,100,600,3
766,766.1347200870514,101,583,3
767,767.1727442741394,102,610,3
768,768.160031080246,101,621,2
769,769.1501700878143,101,567,2
770,770.1404592990875,103,554,2
771,771.1313226222992,106,550,2
772,772.1244003772736,108,542,2
773,773.1566355228424,110,543,2
774,774.146651506424,111,536,2
775,775.1370806694031,112,547,2
776,776.1268649101257,112,558,2
777,777.1619691848755,112,556,2
778,778.1520326137543,111,570,2
779,779.142452955246,110,574,2
780,780.1329543590546,108,585,2
781,781.1258404254913,108,597,2
782,782.2029178142548,106,589,2
783,783.1941633224487,105,613,2
784,784.1379563808441,104,610,2
785,785.1286282539368,103,595,2
786,786.1644172668457,103,604,2
787,787.1541466712952,103,595,2
788,788.143462896347,103,597,2
789,789.1344108581543,102,599,2
790,790.1243777275085,102,608,2
791,791.1596896648407,102,581,2
792,792.1496431827545,104,536,2
793,793.1393258571625,108,532,2
794,794.1301870346069,110,539,2
795,795.1651880741119,110,616,2
796,796.1557304859161,107,645,2
797,797.1461701393127,102,659,2
798,798.1807289123535,100,640,2
799,799.1256666183472,99,622,2
800,800.1622626781464,100,591,3
801,801.197075843811,101,599,3
802,802.1419684886932,102,602,3
803,803.1323132514954,101,605,3
804,804.1673502922058,101,610,3
805,805.1573247909546,101,583,3
806,806.1484627723694,103,564,3
807,807.1372647285461,105,565,3
808,808.127466917038,105,593,3
809,809.1630635261536,105,577,3
810,810.1544017791748,105,568,1
811,811.1438276767731,107,556,1
812,812.1339042186737,109,537,1
813,813.1696553230286,112,520,1
814,814.1596124172211,114,517,1
815,815.149555683136,115,537,1
816,816.1399719715118,114,549,1
817,817.1750378608704,113,555,1
818,818.1651222705841,113,539,1
819,819.1562969684601,114,517,1
820,820.1459329128265,116,504,1
821,821.1359558105469,117,511,1
822,822.1709740161896,118,525,1
823,823.1611380577087,115,624,1
824,824.1514947414398,108,643,1
825,825.1411635875702,104,618,1
826,826.1316576004028,103,593,1
827,827.1667923927307,103,596,1
828,828.1563136577606,103,596,1
829,829.1474344730377,103,621,1
830,830.1377899646759,102,666,1
831,831.2200303077698,98,668,1
832,832.2081065177917,97,685,1
833,833.1531159877777,95,665,1
834,834.1431310176849,95,619,1
835,835.1337487697601,97,626,1
836,836.1686275005341,97,593,1
837,837.1585962772369,98,498,1
838,838.1491696834564,98,558,1
839,839.1402707099915,103,531,1
840,840.1747243404388,107,539,1
841,841.1645057201385,109,548,1
842,842.1547782421112,110,562,1
843,843.1443204879761,110,566,1
844,844.1357779502869,109,572,1
845,845.1698670387268,108,574,1
846,846.1600983142853,108,558,1
847,847.1522190570831,109,558,1
848,848.1405787467957,109,549,1
849,849.1773498058319,110,553,1
850,850.1665394306183,111,550,1
851,851.1560389995575,111,552,1
852,852.1467607021332,110,573,1
853,853.1368987560272,110,580,1
854,854.1722731590271,108,599,1
855,855.1620628833771,106,608,1
856,856.1593322753906,105,586,1
857,857.1424987316132,105,563,1
858,858.1776440143585,107,552,1
859,859.1676137447357,109,547,1
860,860.1597020626068,110,545,1
861,861.1505656242371,111,548,1
862,862.1407387256622,111,547,1
863,863.1738200187683,112,542,1
864,864.1635344028473,112,545,1
865,865.153293132782,112,537,1
866,866.1465673446655,113,546,1
867,867.1792600154877,112,567,1
868,868.1692967414856,111,563,1
869,869.1613335609436,110,578,1
870,870.1549203395844,109,564,1
871,871.1417512893677,109,567,1
872,872.1760461330414,109,562,1
873,873.1654703617096,108,576,1
874,874.1558203697205,108,594,1
875,875.146151304245,106,591,1
876,876.182535648346,105,593,1
877,877.1712505817413,105,597,1
878,878.1613268852234,104,600,1
879,879.1514587402344,103,622,1
880,880.142507314682,102,600,1
881,881.222366809845,102,610,1
882,882.21297955513,102,616,1
883,883.157418012619,101,612,1
884,884.1515157222748,101,628,1
885,885.1841447353363,99,636,1
886,886.1738750934601,99,616,1
887,887.163168668747,99,619,1
888,888.1528832912445,99,622,1
889,889.1448838710785,99,620,1
890,890.1798665523529,99,623,1
891,891.1692252159119,99,605,1
892,892.1590414047241,100,606,1
893,893.1502213478088,101,602,1
894,894.1394612789154,101,602,1
895,895.1747987270355,101,613,1
896,896.1642348766327,101,601,1
897,897.1550436019897,102,595,1
898,898.1457777023315,103,585,1
899,899.1806466579437,103,524,1
900,900.1709418296814,104,694,1
901,901.1620726585388,104,580,1
902,902.1548862457275,105,581,1
903,903.1419169902802,105,611,1
904,904.1763880252838,105,652,1
905,905.1660029888153,100,740,1
906,906.1566679477692,93,743,1
907,907.1476852893829,90,745,1
908,908.1821465492249,89,664,1
909,909.1724426746368,90,637,1
910,910.163783788681,93,612,1
911,911.1537396907806,94,639,1
912,912.1426692008972,95,656,1
913,913.1783154010773,94,671,1
914,914.1688177585602,93,668,1
915,915.1587996482849,94,626,1
916,916.1950385570526,95,621,1
917,917.1842074394226,96,615,1
918,918.174742937088,97,642,1
919,919.1646854877472,96,646,1
920,920.1553180217743,96,633,1
921,921.1448836326599,97,625,1
922,922.1801488399506,97,613,1
923,923.1698393821716,98,624,1
924,924.1602563858032,98,628,1
925,925.1509666442871,98,640,1
926,926.187096118927,97,666,1
927,927.1765100955963,96,639,1
928,928.1667203903198,96,627,1
929,929.1575112342834,98,592,1
930,930.1470584869385,99,593,1
931,931.2278542518616,101,595,1
932,932.2185077667236,101,623,1
933,933.1643986701965,100,630,1
934,934.1535358428955,99,647,1
935,935.1872236728668,98,622,1
936,936.1776850223541,98,622,1
937,937.1680061817169,98,616,1
938,938.1600477695465,99,619,1
939,939.1482410430908,99,624,1
940,940.1835951805115,100,595,1
941,941.1737151145935,101,592,1
942,942.1636373996735,101,595,1
943,943.1570699214935,102,605,1
944,944.1893191337585,101,607,1
945,945.1790664196014,101,611,1
946,946.1706373691559,101,612,1
947,947.159688949585,102,603,1
948,948.1499154567719,102,611,1
949,949.1850364208221,101,601,1
950,950.1765055656433,101,618,1
951,951.1651923656464,101,608,1
952,952.1556794643402,101,607,1
953,953.190527677536,101,606,1
954,954.1802575588226,102,588,1
955,955.1729793548584,102,593,1
956,956.1610882282257,103,580,3
957,957.1511912345886,104,583,3
958,958.187525510788,104,599,3
959,959.2214665412903,104,606,2
960,960.1668519973755,103,598,2
961,961.1569769382477,103,614,2
962,962.1927578449249,102,603,2
963,963.1840600967407,102,605,2
964,964.1732983589172,103,567,2
965,965.1630554199219,106,551,2
966,966.1987659931183,108,554,2
967,967.1890580654144,109,540,2
968,968.1786849498749,110,552,2
969,969.1684172153473,111,548,2
970,970.1586773395538,111,547,2
971,971.1938540935516,111,564,2
972,972.1843059062958,111,561,2
973,973.1745688915253,110,561,2
974,974.1646149158478,110,568,2
975,975.1542582511902,109,561,2
976,976.1906864643097,109,567,2
977,977.1818165779114,109,576,2
978,978.1703855991364,108,567,2
979,979.1617329120636,108,570,2
980,980.2416226863861,108,576,2
981,981.2313380241394,107,586,2
982,982.1764752864838,106,605,2
983,983.1667339801788,105,610,2
984,984.1573755741119,104,588,2
985,985.1922352313995,104,582,2
986,986.185230255127,105,579,2
987,987.1720733642578,105,580,2
988,988.1630351543427,105,607,2
989,989.1979155540466,104,617,2
990,990.1871557235718,102,597,2
991,991.1783154010773,102,614,2
992,992.1696054935455,102,602,2
993,993.1586790084839,101,608,2
994,994.1938059329987,100,624,2
995,995.1839559078217,100,617,2
996,996.1740081310272,100,620,2
997,997.1635785102844,100,608,2
998,998.1988215446472,100,635,2
999,999.1894645690918,99,639,2
1000,1000.179678440094,99,608,2
1001,1001.1701765060425,99,611,2
1002,1002.2043309211731,100,608,2
1003,1003.1953082084656,101,596,2
1004,1004.1854388713837,101,648,3
1005,1005.1755685806274,99,649,3
1006,1006.1658225059509,99,608,3
1007,1007.2455191612244,99,620,3
1008,1008.1911368370056,100,592,3
1009,1009.1812250614166,101,420,3
1010,1010.1720976829529,102,588,3
1011,1011.1614825725555,102,578,3
1012,1012.1971564292908,103,594,3
1013,1013.1883270740509,104,584,3
1014,1014.1773343086243,104,629,1
1015,1015.1674959659576,101,654,1
1016,1016.2034614086151,101,583,1
1017,1017.1937572956085,103,563,1
1018,1018.1834878921509,106,562,1
1019,1019.1735799312592,106,559,1
1020,1020.1635308265686,107,575,1
1021,1021.1996872425079,106,614,1
1022,1022.1901366710663,105,609,1
1023,1023.1795678138733,103,614,1
1024,1024.169881105423,102,619,1
1025,1025.205783367157,101,606,1
1026,1026.1949195861816,101,599,1
1027,1027.1856257915497,102,594,1
1028,1028.1753559112549,103,577,1
1029,1029.165631532669,103,602,1
1030,1030.2459690570831,103,611,1
1031,1031.2361826896667,103,594,1
1032,1032.1822452545166,102,604,1
1033,1033.1728348731995,102,579,1
1034,1034.2067475318909,103,572,1
1035,1035.1964118480682,105,582,1
1036,1036.1868081092834,105,573,1
1037,1037.177633523941,105,597,1
1038,1038.167109966278,104,607,1
1039,1039.2029054164886,104,587,1
1040,1040.1921129226685,105,571,1
1041,1041.1828150749207,106,574,1
1042,1042.173394203186,106,575,1
1043,1043.208158493042,107,554,1
1044,1044.1984641551971,109,552,1
1045,1045.1891763210297,109,575,1
1046,1046.1788172721863,108,594,1
1047,1047.176308631897,106,610,1
1048,1048.2041146755219,105,639,1
1049,1049.1963233947754,102,623,1
1050,1050.1850264072418,101,617,1
1051,1051.1748843193054,101,590,1
1052,1052.209862947464,102,587,1
1053,1053.2000975608826,103,434,1
1054,1054.1970071792603,104,582,1
1055,1055.1800196170807,104,618,1
1056,1056.1739153862,102,646,1
1057,1057.2059407234192,101,651,1
1058,1058.1968562602997,98,670,1
1059,1059.1860151290894,96,658,1
1060,1060.176085948944,95,652,1
1061,1061.211704492569,95,629,1
1062,1062.2021052837372,96,610,1
1063,1063.1921610832214,97,623,1
1064,1064.1819546222687,98,619,1
1065,1065.1739592552185,98,619,1
1066,1066.2076885700226,98,603,1
1067,1067.1978077888489,99,605,1
1068,1068.1879172325134,100,611,1
1069,1069.1780619621277,100,612,1
1070,1070.2137327194214,100,619,1
1071,1071.204060792923,100,625,1
1072,1072.1934232711792,100,596,1
1073,1073.1856203079224,101,605,1
1074,1074.1745111942291,101,603,1
1075,1075.2102451324463,101,585,1
1076,1076.2006521224976,102,590,1
1077,1077.1898274421692,102,599,1
1078,1078.1799001693726,102,612,1
1079,1079.260321855545,102,602,1
1080,1080.2502646446228,102,599,1
1081,1081.2408227920532,102,611,1
1082,1082.186939239502,102,591,1
1083,1083.1758909225464,102,600,1
1084,1084.2114787101746,102,618,1
1085,1085.202491760254,101,611,1
1086,1086.1926445960999,101,610,1
1087,1087.182222366333,101,607,1
1088,1088.2167010307312,102,583,1
1089,1089.2064287662506,102,580,1
1090,1090.1974577903748,104,574,1
1091,1091.1874437332153,105,580,1
1092,1092.1770586967468,105,602,1
1093,1093.212649345398,104,600,1
1094,1094.2026381492615,103,611,1
1095,1095.1931684017181,103,597,1
1096,1096.1830928325653,103,597,1
1097,1097.2179918289185,103,604,1
1098,1098.2085633277893,103,606,1
1099,1099.1991028785706,102,613,1
1100,1100.1886796951294,102,616,1
1101,1101.1797413825989,102,583,1
1102,1102.2148129940033,103,601,1
1103,1103.2043585777283,103,591,1
1104,1104.1953160762787,103,588,1
1105,1105.1855766773224,103,609,1
1106,1106.220270872116,102,619,1
1107,1107.210619211197,101,622,1
1108,1108.200611591339,100,616,1
1109,1109.1907997131348,101,601,1
1110,1110.180805683136,101,601,1
1111,1111.2179069519043,102,584,1
1112,1112.206770658493,103,610,1
1113,1113.1993672847748,102,633,1
1114,1114.187228679657,101,645,1
1115,1115.2227969169617,99,649,1
1116,1116.213045835495,97,632,1
1117,1117.2024471759796,98,604,1
1118,1118.1923925876617,99,592,1
1119,1119.182569026947,101,590,1
1120,1120.2180817127228,101,615,1
1121,1121.2077610492706,101,618,1
1122,1122.1984405517578,100,627,1
1123,1123.1893060207367,100,614,1
1124,1124.2242345809937,100,608,1
1125,1125.213418006897,100,612,1
1126,1126.2042293548584,100,609,1
1127,1127.1945731639862,100,634,1
1128,1128.1849496364594,99,621,1
1129,1129.2646133899689,100,612,1
1130,1130.2547090053558,100,615,1
1131,1131.2008531093597,100,603,1
1132,1132.1900351047516,101,617,1
1133,1133.2271502017975,100,612,1
1134,1134.2152688503265,100,623,1
1135,1135.2062180042267,99,625,1
1136,1136.1962642669678,99,604,1
1137,1137.1862030029297,100,612,1
1138,1138.2211470603943,100,605,1
1139,1139.2122342586517,101,588,1
1140,1140.204196214676,102,604,1
1141,1141.193449497223,102,607,1
1142,1142.2270081043243,102,620,1
1143,1143.2178573608398,101,625,1
1144,1144.2070970535278,101,602,1
1145,1145.1989262104034,101,595,1
1146,1146.1875381469727,102,587,1
1147,1147.2234613895416,103,597,1
1148,1148.2131881713867,103,596,1
1149,1149.2045195102692,103,611,1
1150,1150.1945071220398,102,619,1
1151,1151.2295722961426,102,596,1
1152,1152.2199609279633,102,597,1
1153,1153.2089791297913,104,551,3
1154,1154.2026019096375,106,539,3
1155,1155.189581155777,109,534,3
1156,1156.2247912883759,110,565,2
1157,1157.215502023697,109,640,2
1158,1158.2049679756165,104,673,2
1159,1159.1958258152008,101,633,2
1160,1160.2308571338654,100,598,2
1161,1161.2210347652435,101,608,2
1162,1162.2112567424774,101,617,2
1163,1163.2014210224152,100,595,2
1164,1164.1913487911224,101,598,2
1165,1165.22607588768,101,609,2
1166,1166.2161054611206,101,634,2
1167,1167.206371307373,100,618,2
1168,1168.2007985115051,99,622,2
1169,1169.2768034934998,99,602,2
1170,1170.2223958969116,100,629,2
1171,1171.2125380039215,99,650,2
1172,1172.2030918598175,98,619,2
1173,1173.1960039138794,98,642,2
1174,1174.227881193161,97,603,2
1175,1175.2189860343933,98,603,2
1176,1176.2093169689178,99,615,2
1177,1177.1996550559998,99,593,2
1178,1178.2790052890778,101,609,2
1179,1179.2691061496735,101,604,2
1180,1180.2590084075928,101,611,2
1181,1181.20463681221,101,640,2
1182,1182.199060201645,100,616,2
1183,1183.22958278656,100,618,3
1184,1184.2196774482727,100,581,3
1185,1185.210057258606,102,578,3
1186,1186.2003469467163,103,583,3
1187,1187.2354142665863,105,560,3
1188,1188.2254014015198,107,540,3
1189,1189.2158472537994,110,537,3
1190,1190.2057921886444,110,563,3
1191,1191.1967842578888,110,550,3
1192,1192.2314722537994,111,553,3
1193,1193.221608877182,110,561,1
1194,1194.2125923633575,110,555,1
1195,1195.2028818130493,110,555,1
1196,1196.2370562553406,110,573,1
1197,1197.2271263599396,108,606,1
1198,1198.2182042598724,106,594,1
1199,1199.208258152008,105,611,1
1200,1200.1981422901154,104,595,1
1201,1201.2333693504333,104,594,1
1202,1202.224385023117,104,587,1
1203,1203.2145121097565,104,582,1
1204,1204.205004453659,105,588,1
1205,1205.2396070957184,105,579,1
1206,1206.2296953201294,105,603,1
1207,1207.221615076065,104,609,1
1208,1208.2099425792694,102,611,1
1209,1209.1999368667603,102,599,1
1210,1210.23477435112,102,578,1
1211,1211.2251255512238,104,571,1
1212,1212.2165417671204,105,581,1
1213,1213.2511847019196,105,602,1
1214,1214.241293668747,104,615,1
1215,1215.2311253547668,103,604,1
1216,1216.222748041153,102,617,1
1217,1217.2115035057068,101,603,1
1218,1218.2024538516998,101,588,1
1219,1219.2373251914978,102,597,1
1220,1220.226942062378,103,583,1
1221,1221.217084646225,103,593,1
1222,1222.2074875831604,103,618,1
1223,1223.2010898590088,101,608,1
1224,1224.2337629795074,101,463,1
1225,1225.2228350639343,101,733,1
1226,1226.2128801345825,101,614,1
1227,1227.2048001289368,101,621,1
1228,1228.2842106819153,100,626,1
1229,1229.2736768722534,99,660,1
1230,1230.2638101577759,97,676,1
1231,1231.2099907398224,96,663,1
1232,1232.2000939846039,95,676,1
1233,1233.2359766960144,94,646,1
1234,1234.2272543907166,95,628,1
1235,1235.215091228485,96,627,1
1236,1236.2053699493408,96,625,1
1237,1237.2408871650696,96,644,1
1238,1238.2308382987976,96,658,1
1239,1239.220701932907,96,645,1
1240,1240.211763381958,95,647,1
1241,1241.2008669376373,96,609,1
1242,1242.23703622818,97,618,1
1243,1243.2265238761902,98,614,1
1244,1244.2168457508087,98,614,1
1245,1245.2068040370941,99,617,1
1246,1246.2418344020844,99,622,1
1247,1247.2319157123566,99,634,1
1248,1248.2221565246582,98,643,1
1249,1249.212572813034,98,740,1
1250,1250.2036383152008,98,616,1
1251,1251.2380723953247,98,611,1
1252,1252.2322330474854,99,612,1
1253,1253.2196516990662,99,638,1
1254,1254.208155632019,98,637,1
1255,1255.2445194721222,98,639,1
1256,1256.2352106571198,97,644,1
1257,1257.2240509986877,98,616,1
1258,1258.2142496109009,98,641,1
1259,1259.2040112018585,97,629,1
1260,1260.24041056633,97,643,1
1261,1261.2294635772705,97,649,1
1262,1262.220632314682,96,647,1
1263,1263.2101888656616,96,676,1
1264,1264.2458584308624,95,650,1
1265,1265.235582113266,95,635,1
1266,1266.22896194458,95,640,1
1267,1267.2161090373993,97,616,1
1268,1268.2513673305511,97,774,1
1269,1269.2426574230194,98,632,1
1270,1270.278136253357,99,607,1
1271,1271.2222950458527,99,616,1
1272,1272.2118480205536,99,626,1
1273,1273.2473707199097,99,706,1
1274,1274.2372884750366,97,725,1
1275,1275.2306129932404,93,722,1
1276,1276.2176539897919,91,704,1
1277,1277.208479642868,91,625,1
1278,1278.2895562648773,93,622,1
1279,1279.279292345047,95,609,1
1280,1280.227522611618,96,622,1
1281,1281.2135922908783,97,636,1
1282,1282.250316143036,97,642,1
1283,1283.2394943237305,96,653,1
1284,1284.2309238910675,95,654,1
1285,1285.2193117141724,95,639,1
1286,1286.2116057872772,95,647,1
1287,1287.2452425956726,95,629,1
1288,1288.234475851059,96,624,1
1289,1289.2251887321472,96,642,1
1290,1290.2173750400543,96,615,1
1291,1291.2507321834564,97,620,1
1292,1292.240626335144,98,622,1
1293,1293.2314913272858,98,638,1
1294,1294.226729631424,97,653,1
1295,1295.2118146419525,97,641,1
1296,1296.2466223239899,96,648,1
1297,1297.237297296524,96,638,1
1298,1298.226563692093,96,636,1
1299,1299.2175862789154,96,646,1
1300,1300.252604007721,97,613,1
1301,1301.2428669929504,97,620,1
1302,1302.2327251434326,98,622,1
1303,1303.2228598594666,99,609,1
1304,1304.213362455368,99,626,1
1305,1305.2503697872162,99,614,1
1306,1306.2389919757843,100,610,1
1307,1307.2293162345886,100,613,1
1308,1308.219536781311,100,609,1
1309,1309.253787279129,100,633,1
1310,1310.2446808815002,99,645,1
1311,1311.2341575622559,99,613,1
1312,1312.2249915599823,99,615,1
1313,1313.2146668434143,99,606,1
1314,1314.2501466274261,99,626,1
1315,1315.2425014972687,99,623,1
1316,1316.2305901050568,99,607,1
1317,1317.2207589149475,99,615,1
1318,1318.2574257850647,99,615,1
1319,1319.2459712028503,100,624,3
1320,1320.2370545864105,100,618,3
1321,1321.2260205745697,99,640,3
1322,1322.2159004211426,99,608,2
1323,1323.2512421607971,102,558,2
1324,1324.2418246269226,105,544,2
1325,1325.2325172424316,106,568,2
1326,1326.2220678329468,107,606,2
1327,1327.3019170761108,102,679,2
1328,1328.2922377586365,100,638,2
1329,1329.2827172279358,98,611,2
1330,1330.227661371231,99,614,2
1331,1331.2185275554657,99,615,2
1332,1332.25302195549,100,606,2
1333,1333.2433595657349,100,638,2
1334,1334.2337017059326,98,649,2
1335,1335.2245907783508,97,650,2
1336,1336.2585999965668,97,662,2
1337,1337.2488627433777,96,630,2
1338,1338.2401077747345,96,617,2
1339,1339.229735136032,98,627,2
1340,1340.2197589874268,98,612,2
1341,1341.2552440166473,98,630,2
1342,1342.2458798885345,98,631,2
1343,1343.2353978157043,98,604,2
1344,1344.2258841991425,98,618,2
1345,1345.2606749534607,99,622,2
1346,1346.2515976428986,100,585,2
1347,1347.2415618896484,102,595,2
1348,1348.2318544387817,102,609,2
1349,1349.2210566997528,102,584,2
1350,1350.2572135925293,102,607,2
1351,1351.246990442276,102,612,2
1352,1352.2375102043152,102,591,2
1353,1353.2275989055634,102,611,2
1354,1354.2622303962708,101,609,3
1355,1355.25213265419,101,603,3
1356,1356.2428085803986,100,630,3
1357,1357.233645439148,100,594,3
1358,1358.2232835292816,100,612,3
1359,1359.259161233902,100,641,3
1360,1360.249005317688,100,595,3
1361,1361.2386302947998,100,574,3
1362,1362.229043006897,103,556,3
1363,1363.2647154331207,106,544,3
1364,1364.2538633346558,109,535,1
1365,1365.2462656497955,111,524,1
1366,1366.2351796627045,114,523,1
1367,1367.2253675460815,114,537,1
1368,1368.260620355606,113,561,1
1369,1369.2505695819855,113,552,1
1370,1370.2407658100128,112,554,1
1371,1371.231731891632,112,556,1
1372,1372.2669160366058,112,552,1
1373,1373.2571287155151,111,557,1
1374,1374.2467126846313,110,576,1
1375,1375.2368128299713,110,567,1
1376,1376.227667093277,109,582,1
1377,1377.3070199489594,107,592,1
1378,1378.3011548519135,107,579,1
1379,1379.2877326011658,106,592,1
1380,1380.2328271865845,106,588,1
1381,1381.31303024292,105,591,1
1382,1382.2581610679626,105,605,1
1383,1383.2483773231506,104,603,1
1384,1384.239379644394,102,625,1
1385,1385.2301216125488,102,610,1
1386,1386.2640419006348,101,602,1
1387,1387.2544476985931,101,600,1
1388,1388.2439014911652,102,592,1
1389,1389.2340037822723,102,616,1
1390,1390.2691850662231,102,619,1
1391,1391.2611646652222,101,607,1
1392,1392.2498478889465,101,588,1
1393,1393.2404844760895,102,581,1
1394,1394.2310917377472,103,594,1
1395,1395.265481710434,103,582,1
1396,1396.2556824684143,104,583,1
1397,1397.2459363937378,104,586,1
1398,1398.2367973327637,105,585,1
1399,1399.2719540596008,105,594,1
1400,1400.2617766857147,104,600,1
1401,1401.2524304389954,104,590,1
1402,1402.2423341274261,104,598,1
1403,1403.2330598831177,103,584,1
1404,1404.2670257091522,104,575,1
1405,1405.25785779953,105,586,1
1406,1406.2504661083221,105,610,1
1407,1407.2382292747498,103,627,1
1408,1408.273183107376,100,645,1
1409,1409.2636306285858,100,614,1
1410,1410.253934621811,100,607,1
1411,1411.24360704422,100,492,1
1412,1412.235801935196,100,604,1
1413,1413.2685904502869,100,600,1
1414,1414.2587823867798,101,605,1
1415,1415.2533075809479,100,628,1
1416,1416.23978805542,100,603,1
1417,1417.2749786376953,100,609,1
1418,1418.2650318145752,100,615,1
1419,1419.2562320232391,100,619,1
1420,1420.2450737953186,99,661,1
1421,1421.2347166538239,98,645,1
1422,1422.2711398601532,97,651,1
1423,1423.2620887756348,96,655,1
1424,1424.251621723175,96,627,1
1425,1425.242439508438,97,634,1
1426,1426.2783048152924,96,637,1
1427,1427.3140432834625,96,650,1
1428,1428.3020923137665,96,685,1
1429,1429.2470347881317,94,672,1
1430,1430.2376720905304,94,676,1
1431,1431.2729403972626,93,695,1
1432,1432.3085267543793,92,646,1
1433,1433.2530732154846,93,652,1
1434,1434.2428455352783,93,646,1
1435,1435.2783210277557,94,645,1
1436,1436.2686784267426,94,667,1
1437,1437.2593290805817,93,662,1
1438,1438.2500495910645,93,683,1
1439,1439.2387745380402,92,674,1
1440,1440.274437904358,92,649,1
1441,1441.264232635498,93,650,1
1442,1442.2570548057556,93,635,1
1443,1443.2453699111938,95,633,1
1444,1444.2797768115997,95,620,1
1445,1445.2703065872192,96,619,1
1446,1446.2607057094574,97,620,1
1447,1447.250746011734,98,612,1
1448,1448.2415924072266,99,622,1
1449,1449.2753422260284,98,625,1
1450,1450.2658956050873,98,634,1
1451,1451.2577075958252,98,619,1
1452,1452.2469232082367,100,594,1
1453,1453.2823150157928,101,589,1
1454,1454.2716617584229,102,581,1
1455,1455.2633140087128,103,592,1
1456,1456.2521197795868,103,584,1
1457,1457.2453014850616,104,604,1
1458,1458.2775852680206,103,610,1
1459,1459.2676181793213,102,608,1
1460,1460.2583746910095,102,612,1
1461,1461.2482221126556,102,599,1
1462,1462.2825536727905,102,597,1
1463,1463.2739810943604,102,613,1
1464,1464.2638220787048,102,609,1
1465,1465.254073381424,101,620,1
1466,1466.247201681137,101,630,1
1467,1467.2795057296753,100,611,1
1468,1468.2696058750153,100,620,1
1469,1469.2593414783478,99,615,1
1470,1470.2515218257904,100,606,1
1471,1471.2867360115051,100,612,1
1472,1472.2760653495789,100,611,1
1473,1473.265026807785,100,615,1
1474,1474.2558145523071,101,600,1
1475,1475.2470276355743,101,588,1
1476,1476.2812526226044,102,581,1
1477,1477.316822052002,103,584,1
1478,1478.312213420868,104,738,1
1479,1479.2527284622192,105,589,1
1480,1480.289960384369,104,608,1
1481,1481.2768330574036,102,639,1
1482,1482.3122262954712,101,644,1
1483,1483.2574670314789,99,668,1
1484,1484.2473545074463,97,640,1
1485,1485.2830684185028,97,637,1
1486,1486.2729969024658,97,624,1
1487,1487.2628064155579,98,601,1
1488,1488.2539250850677,99,728,1
1489,1489.2894549369812,100,598,1
1490,1490.2800838947296,100,625,1
1491,1491.2691576480865,99,656,1
1492,1492.2694771289825,98,661,1
1493,1493.2491464614868,96,692,1
1494,1494.2843387126923,95,667,1
1495,1495.2757046222687,94,668,1
1496,1496.2658343315125,93,648,1
1497,1497.2551057338715,95,610,1
1498,1498.290287733078,96,587,1
1499,1499.2904222011566,99,578,1
1500,1500.2715499401093,101,601,1
1501,1501.261353969574,101,598,1
1502,1502.2505128383636,102,612,1
1503,1503.285939693451,101,616,1
1504,1504.2783544063568,101,601,1
1505,1505.2670049667358,101,600,1
1506,1506.256108045578,101,616,1
1507,1507.2916939258575,101,630,1
1508,1508.2839350700378,100,646,1
1509,1509.274133682251,98,659,1
1510,1510.2622549533844,97,648,1
1511,1511.252756357193,96,670,1
1512,1512.2891273498535,95,671,1
1513,1513.2789595127106,94,664,1
1514,1514.2685453891754,94,654,3
1515,1515.258130788803,95,615,3
1516,1516.2940101623535,98,569,3
1517,1517.2844944000244,100,588,3
1518,1518.2736420631409,101,611,2
1519,1519.2646462917328,100,622,2
1520,1520.2547602653503,100,636,2
1521,1521.2905972003937,99,644,2
1522,1522.2799472808838,97,661,2
1523,1523.269969701767,97,582,2
1524,1524.2612199783325,100,572,2
1525,1525.2956869602203,103,556,2
1526,1526.330484867096,106,538,2
1527,1527.3202834129333,110,529,2
1528,1528.3110039234161,112,531,2
1529,1529.256502866745,112,575,2
1530,1530.2928166389465,110,595,2
1531,1531.281840801239,107,623,2
1532,1532.2716965675354,104,619,2
1533,1533.3068408966064,103,610,2
1534,1534.2971057891846,102,606,2
1535,1535.3319725990295,102,616,2
1536,1536.277522802353,101,607,2
1537,1537.2677252292633,102,570,2
1538,1538.2583680152893,104,557,2
1539,1539.2927243709564,107,547,2
1540,1540.2831869125366,108,586,2
1541,1541.272707939148,107,629,2
1542,1542.2630503177643,104,725,2
1543,1543.2994267940521,95,729,2
1544,1544.2898254394531,94,701,2
1545,1545.2791485786438,92,678,2
1546,1546.269364118576,93,613,2
1547,1547.2595853805542,94,604,2
1548,1548.2950284481049,97,606,2
1549,1549.2847347259521,97,624,3
1550,1550.2788486480713,98,603,3
1551,1551.2652809619904,98,638,3
1552,1552.2554786205292,98,604,3
1553,1553.2908728122711,99,588,3
1554,1554.2809681892395,101,564,3
1555,1555.2704310417175,104,552,3
1556,1556.2625806331635,107,539,3
1557,1557.2966015338898,110,530,3
1558,1558.2864379882812,112,532,3
1559,1559.2773914337158,113,548,1
1560,1560.2672152519226,112,550,1
1561,1561.2574858665466,112,560,1
1562,1562.292385339737,111,561,1
1563,1563.2833318710327,110,573,1
1564,1564.2757999897003,110,558,1
1565,1565.263439655304,109,567,1
1566,1566.298420906067,109,585,1
1567,1567.2880971431732,108,573,1
1568,1568.2800006866455,107,591,1
1569,1569.2688038349152,106,615,1
1570,1570.259352684021,104,609,1
1571,1571.2949163913727,103,609,1
1572,1572.2862861156464,103,612,1
1573,1573.2750868797302,102,595,1
1574,1574.265213727951,102,615,1
1575,1575.3006165027618,101,628,1
1576,1576.335077047348,101,600,1
1577,1577.325464963913,101,607,1
1578,1578.2741737365723,102,572,1
1579,1579.2612590789795,105,562,1
1580,1580.2968509197235,105,574,1
1581,1581.2857556343079,106,564,1
1582,1582.2780647277832,107,569,1
1583,1583.311352968216,107,564,1
1584,1584.3027787208557,108,563,1
1585,1585.3370025157928,108,565,1
1586,1586.282982826233,109,550,1
1587,1587.2742018699646,110,550,1
1588,1588.2624571323395,110,558,1
1589,1589.2977623939514,110,552,1
1590,1590.29044175148,111,558,1
1591,1591.2783529758453,110,574,1
1592,1592.2723050117493,109,594,1
1593,1593.3038020133972,108,582,1
1594,1594.2936809062958,106,604,1
1595,1595.2839379310608,105,590,1
1596,1596.273853778839,105,588,1
1597,1597.2647891044617,104,599,1
1598,1598.2993569374084,104,586,1
1599,1599.2914333343506,104,598,1
1600,1600.280705690384,103,615,1
1601,1601.2697484493256,103,607,1
1602,1602.3051495552063,102,620,1
1603,1603.295348405838,101,604,1
1604,1604.2856674194336,101,632,1
1605,1605.2757818698883,100,629,1
1606,1606.268633365631,100,609,1
1607,1607.3012027740479,101,605,1
1608,1608.2919921875,101,595,1
1609,1609.2819485664368,102,608,1
1610,1610.271853685379,102,591,1
1611,1611.3069252967834,102,611,1
1612,1612.2970237731934,102,596,1
1613,1613.2884266376495,103,599,1
1614,1614.2773323059082,102,608,1
1615,1615.267611026764,102,601,1
1616,1616.3041200637817,102,603,1
1617,1617.2935049533844,103,572,1
1618,1618.2844452857971,104,580,1
1619,1619.2731988430023,105,565,1
1620,1620.3098950386047,106,578,1
1621,1621.30042552948,105,604,1
1622,1622.2891945838928,104,611,1
1623,1623.2793798446655,103,612,1
1624,1624.2695014476776,103,590,1
1625,1625.306007385254,103,593,1
1626,1626.3412508964539,103,584,1
1627,1627.3293857574463,104,589,1
1628,1628.2759895324707,103,608,1
1629,1629.3108143806458,103,594,1
1630,1630.3015837669373,103,605,1
1631,1631.2908885478973,102,595,1
1632,1632.281012058258,103,597,1
1633,1633.3164405822754,103,597,1
1634,1634.3069250583649,103,583,1
1635,1635.3411316871643,103,607,1
1636,1636.2886509895325,102,604,1
1637,1637.2766029834747,102,603,1
1638,1638.3120894432068,102,603,1
1639,1639.3033819198608,103,571,1
1640,1640.2923755645752,104,587,1
1641,1641.2825877666473,104,604,1
1642,1642.2725484371185,103,613,1
1643,1643.3083136081696,102,622,1
1644,1644.2976882457733,101,604,1
1645,1645.2893860340118,101,626,1
1646,1646.2788140773773,100,594,1
1647,1647.3143138885498,101,608,1
1648,1648.305252790451,101,606,1
1649,1649.2977721691132,101,600,1
1650,1650.2845296859741,102,609,1
1651,1651.2746229171753,102,584,1
1652,1652.3112256526947,102,615,1
1653,1653.3001823425293,102,617,1
1654,1654.290769815445,102,601,1
1655,1655.2804250717163,101,631,1
1656,1656.3157379627228,101,586,1
1657,1657.3068525791168,102,583,1
1658,1658.2967627048492,103,584,1
1659,1659.286346912384,104,571,1
1660,1660.2762432098389,105,577,1
1661,1661.3114306926727,106,569,1
1662,1662.3042709827423,106,590,1
1663,1663.2921388149261,105,587,1
1664,1664.284277677536,105,598,1
1665,1665.3168897628784,104,608,1
1666,1666.3071842193604,104,585,1
1667,1667.300045490265,104,603,1
1668,1668.287929058075,103,590,1
1669,1669.2781760692596,103,602,1
1670,1670.316339969635,103,640,1
1671,1671.3056745529175,101,621,1
1672,1672.2943224906921,100,638,1
1673,1673.2834072113037,99,616,1
1674,1674.3191418647766,99,619,1
1675,1675.353763103485,99,608,1
1676,1676.3443400859833,100,592,1
1677,1677.3351473808289,101,597,1
1678,1678.2798836231232,101,613,1
1679,1679.3150668144226,101,650,1
1680,1680.3058319091797,99,647,1
1681,1681.2957425117493,98,631,1
1682,1682.285640001297,98,610,1
1683,1683.3214979171753,99,582,1
1684,1684.3106362819672,101,590,1
1685,1685.3502988815308,102,623,1
1686,1686.2923192977905,101,652,1
1687,1687.282883644104,98,726,1
1688,1688.31622672081,95,698,1
1689,1689.3074774742126,93,701,1
1690,1690.2997159957886,92,644,3
1691,1691.2870347499847,93,639,3
1692,1692.3221266269684,94,636,3
1693,1693.3121848106384,96,616,2
1694,1694.302532196045,96,637,2
1695,1695.292578458786,97,597,2
1696,1696.2831296920776,100,575,2
1697,1697.3186883926392,101,597,2
1698,1698.308954000473,101,634,2
1699,1699.3026852607727,100,611,2
1700,1700.2888550758362,100,634,2
1701,1701.3238677978516,99,624,2
1702,1702.3142330646515,99,626,2
1703,1703.3048391342163,99,618,2
1704,1704.2971136569977,99,598,2
1705,1705.284658908844,101,603,2
1706,1706.3201336860657,101,616,2
1707,1707.311130285263,100,608,2
1708,1708.3004398345947,100,639,2
1709,1709.2904243469238,99,631,2
1710,1710.3261306285858,98,626,2
1711,1711.3163328170776,98,641,2
1712,1712.305712223053,98,614,2
1713,1713.2985844612122,98,625,2
1714,1714.2866010665894,99,599,2
1715,1715.3217887878418,100,607,2
1716,1716.3116147518158,100,637,2
1717,1717.301564693451,100,622,2
1718,1718.2930941581726,99,602,2
1719,1719.3277831077576,100,608,2
1720,1720.3173353672028,99,632,2
1721,1721.307320356369,99,591,2
1722,1722.298733472824,100,591,3
1723,1723.2884922027588,101,594,3
1724,1724.3242511749268,102,577,3
1725,1725.358733177185,103,581,3
1726,1726.3488488197327,104,601,3
1727,1727.3430988788605,105,559,3
1728,1728.3291289806366,106,680,3
1729,1729.3202290534973,107,569,3
1730,1730.3090381622314,107,577,3
1731,1731.2995698451996,106,590,3
1732,1732.2912318706512,106,577,1
1733,1733.3700835704803,106,599,1
1734,1734.3153142929077,105,614,1
1735,1735.3055801391602,103,598,1
1736,1736.2964041233063,103,612,1
1737,1737.3323867321014,102,615,1
1738,1738.4109654426575,102,600,1
1739,1739.3124511241913,102,631,1
1740,1740.3029391765594,98,685,1
1741,1741.296050786972,97,626,1
1742,1742.3269460201263,97,636,1
1743,1743.3170714378357,96,647,1
1744,1744.3078727722168,97,613,1
1745,1745.2979681491852,97,626,1
1746,1746.3323304653168,97,642,1
1747,1747.3230168819427,97,644,1
1748,1748.3136141300201,96,686,1
1749,1749.3052082061768,95,652,1
1750,1750.2935271263123,94,651,1
1751,1751.32888174057,95,608,1
1752,1752.3197815418243,96,628,1
1753,1753.3092153072357,97,631,1
1754,1754.2992873191833,97,626,1
1755,1755.3342170715332,95,682,1
1756,1756.3245520591736,95,634,1
1757,1757.3172199726105,95,642,1
1758,1758.3056955337524,95,648,1
1759,1759.2957556247711,95,626,1
1760,1760.330329656601,95,660,1
1761,1761.3215296268463,95,680,1
1762,1762.3133208751678,94,663,1
1763,1763.3013942241669,94,678,1
1764,1764.3361089229584,93,647,1
1765,1765.3265328407288,93,654,1
1766,1766.3170325756073,94,629,1
1767,1767.3068535327911,95,646,1
1768,1768.299480676651,95,657,1
1769,1769.3365137577057,95,652,1
1770,1770.322518825531,94,675,1
1771,1771.312865972519,93,669,1
1772,1772.3035612106323,93,658,1
1773,1773.337991476059,93,658,1
1774,1774.327908039093,93,656,1
1775,1775.3642859458923,93,672,1
1776,1776.3533437252045,93,660,1
1777,1777.298781633377,93,632,1
1778,1778.3357899188995,94,632,1
1779,1779.325056552887,95,623,1
1780,1780.3142235279083,96,640,1
1781,1781.3046481609344,95,670,1
1782,1782.3404262065887,94,655,1
1783,1783.332756280899,94,687,1
1784,1784.3197793960571,93,674,1
1785,1785.3103404045105,95,608,1
1786,1786.3021550178528,98,570,1
1787,1787.3355996608734,102,565,1
1788,1788.3256187438965,103,573,1
1789,1789.3166527748108,104,600,1
1790,1790.3087255954742,103,601,1
1791,1791.3426027297974,103,629,1
1792,1792.3312237262726,101,644,1
1793,1793.321705341339,100,620,1
1794,1794.311809539795,99,639,1
1795,1795.3028609752655,98,639,1
1796,1796.3372282981873,98,624,1
1797,1797.3309321403503,97,663,1
1798,1798.3191096782684,96,666,1
1799,1799.3084297180176,95,694,1
1800,1800.3430590629578,93,698,1
1801,1801.3341119289398,92,654,1
1802,1802.3231947422028,92,664,1
1803,1803.3137037754059,92,653,1
1804,1804.3037686347961,95,616,1
1805,1805.3388788700104,96,790,1
1806,1806.3294887542725,98,633,1
1807,1807.31902551651,98,637,1
1808,1808.3097395896912,98,599,1
1809,1809.3459458351135,98,609,1
1810,1810.3348457813263,99,640,1
1811,1811.3314039707184,97,771,1
1812,1812.3157634735107,92,719,1
1813,1813.3053185939789,91,699,1
1814,1814.3408071994781,90,635,1
1815,1815.3320398330688,92,638,1
1816,1816.3211669921875,93,638,1
1817,1817.3115527629852,94,636,1
1818,1818.3480260372162,94,688,1
1819,1819.3366689682007,93,707,1
1820,1820.3269710540771,92,686,1
1821,1821.3170266151428,91,724,1
1822,1822.3092505931854,89,726,1
1823,1823.343184709549,89,718,1
1824,1824.3781507015228,88,728,1
1825,1825.3719925880432,88,661,1
1826,1826.3580453395844,88,677,1
1827,1827.3485465049744,89,691,1
1828,1828.338133573532,89,674,1
1829,1829.3288679122925,89,692,1
1830,1830.3190734386444,89,666,1
1831,1831.3109946250916,90,698,1
1832,1832.3443048000336,89,706,1
1833,1833.3343856334686,89,697,1
1834,1834.3251686096191,89,689,1
1835,1835.3145308494568,90,650,1
1836,1836.349992275238,91,672,1
1837,1837.3407168388367,91,647,1
1838,1838.3298587799072,92,631,1
1839,1839.322199344635,92,685,1
1840,1840.3109889030457,92,684,1
1841,1841.3458530902863,92,701,1
1842,1842.3363707065582,91,663,1
1843,1843.326111316681,91,697,1
1844,1844.3178560733795,91,683,1
1845,1845.3519546985626,90,694,1
1846,1846.3417806625366,90,700,1
1847,1847.3330109119415,91,656,1
1848,1848.3234868049622,91,672,1
1849,1849.3127219676971,91,652,1
1850,1850.3474380970001,92,686,1
1851,1851.338840007782,91,687,1
1852,1852.3290057182312,91,717,1
1853,1853.3194606304169,90,692,1
1854,1854.353964805603,90,669,1
1855,1855.343763589859,90,688,1
1856,1856.3347506523132,90,652,1
1857,1857.3242492675781,91,666,1
1858,1858.3144114017487,91,656,1
1859,1859.348993062973,91,680,1
1860,1860.3403751850128,91,684,1
1861,1861.3299720287323,90,712,1
1862,1862.3271281719208,90,660,1
1863,1863.3549392223358,90,645,1
1864,1864.3462271690369,91,663,1
1865,1865.334879398346,92,640,1
1866,1866.326428413391,92,660,1
1867,1867.3160393238068,93,676,1
1868,1868.3518748283386,93,706,1
1869,1869.3407528400421,91,717,1
1870,1870.331502199173,91,659,1
1871,1871.325201511383,91,674,1
1872,1872.3581387996674,91,668,1
1873,1873.347262620926,91,646,1
1874,1874.382251739502,92,653,1
1875,1875.3721132278442,92,664,1
1876,1876.368395805359,92,679,1
1877,1877.352886915207,92,658,1
1878,1878.3428676128387,92,689,1
1879,1879.3362641334534,91,707,1
1880,1880.3246939182281,91,660,1
1881,1881.3582916259766,91,685,1
1882,1882.3490271568298,91,685,3
1883,1883.3393075466156,91,623,3
1884,1884.3292434215546,93,635,3
1885,1885.319419145584,94,610,3
1886,1886.3543601036072,97,573,2
1887,1887.3450336456299,99,576,2
1888,1888.335482597351,101,600,2
1889,1889.325402021408,101,666,2
1890,1890.3174312114716,98,662,2
1891,1891.3502225875854,97,650,2
1892,1892.3404295444489,96,606,2
1893,1893.3308563232422,98,585,2
1894,1894.3207585811615,101,582,2
1895,1895.355507850647,101,632,2
1896,1896.346244096756,100,667,2
1897,1897.3366072177887,97,635,2
1898,1898.327275276184,97,630,2
1899,1899.316653728485,97,635,2
1900,1900.3961305618286,97,654,2
1901,1901.342398405075,96,642,2
1902,1902.3325130939484,96,696,2
1903,1903.3225977420807,94,690,2
1904,1904.357473373413,93,656,2
1905,1905.3476967811584,93,677,2
1906,1906.3380932807922,93,693,2
1907,1907.3278012275696,92,645,2
1908,1908.317851781845,92,650,2
1909,1909.3536779880524,93,677,2
1910,1910.3439123630524,93,666,2
1911,1911.3345267772675,92,673,2
1912,1912.324553489685,92,657,2
1913,1913.3599197864532,93,654,2
1914,1914.3498721122742,93,655,2
1915,1915.3399460315704,93,643,2
1916,1916.3305025100708,93,667,2
1917,1917.320698261261,93,666,3
1918,1918.3555014133453,93,653,3
1919,1919.3456618785858,93,674,3
1920,1920.3364841938019,93,667,3
1921,1921.3259902000427,93,656,3
1922,1922.3617827892303,93,691,3
1923,1923.3516767024994,93,625,3
1924,1924.386397600174,95,579,3
1925,1925.3779244422913,99,578,3
1926,1926.3221430778503,100,609,3
1927,1927.3572578430176,101,585,1
1928,1928.347000837326,103,573,1
1929,1929.339418888092,105,557,1
1930,1930.329725265503,107,549,1
1931,1931.362965106964,108,561,1
1932,1932.3532168865204,109,558,1
1933,1933.34512257576,110,547,1
1934,1934.3337981700897,111,549,1
1935,1935.3243350982666,111,561,1
1936,1936.3598494529724,110,559,1
1937,1937.3498623371124,110,565,1
1938,1938.3394339084625,110,546,1
1939,1939.330097436905,111,542,1
1940,1940.364871263504,112,530,1
1941,1941.3555617332458,114,519,1
1942,1942.3450610637665,115,535,1
1943,1943.3356258869171,113,585,1
1944,1944.3254792690277,111,623,1
1945,1945.4064681529999,107,633,1
1946,1946.3526072502136,105,672,1
1947,1947.3414118289948,100,669,1
1948,1948.332772731781,98,638,1
1949,1949.3693084716797,98,602,1
1950,1950.401741027832,99,615,1
1951,1951.346717119217,99,697,1
1952,1952.33699965477,96,672,1
1953,1953.3274443149567,95,679,1
1954,1954.3624758720398,94,713,1
1955,1955.354296207428,92,727,1
1956,1956.3430106639862,91,687,1
1957,1957.33282828331,91,690,1
1958,1958.3703696727753,90,686,1
1959,1959.3582961559296,90,691,1
1960,1960.3493602275848,90,693,1
1961,1961.3397688865662,90,664,1
1962,1962.3290836811066,91,660,1
1963,1963.364811182022,91,702,1
1964,1964.3552248477936,90,653,1
1965,1965.3453600406647,91,685,1
1966,1966.3352282047272,91,681,1
1967,1967.3723199367523,91,683,1
1968,1968.3615427017212,91,680,1
1969,1969.3502140045166,92,629,1
1970,1970.3401415348053,93,603,1
1971,1971.3328864574432,96,589,1
1972,1972.365680217743,98,604,1
1973,1973.40105509758,98,600,1
1974,1974.3919758796692,99,620,1
1975,1975.3820221424103,99,663,1
1976,1976.3729498386383,97,662,1
1977,1977.3623151779175,96,656,1
1978,1978.3535888195038,96,647,1
1979,1979.3426401615143,97,610,1
1980,1980.3322596549988,99,593,1
1981,1981.368126630783,100,605,1
1982,1982.3576083183289,100,610,1
1983,1983.3485343456268,100,623,1
1984,1984.3389060497284,100,652,1
1985,1985.3735072612762,98,635,1
1986,1986.3636157512665,99,600,1
1987,1987.3541340827942,100,579,1
1988,1988.3446786403656,102,590,1
1989,1989.3343110084534,102,610,1
1990,1990.3697180747986,102,648,1
1991,1991.3597235679626,99,646,1
1992,1992.350001335144,99,625,1
1993,1993.340752363205,99,609,1
1994,1994.3753786087036,100,584,1
1995,1995.365971326828,102,602,1
1996,1996.35502576828,102,621,1
1997,1997.3520061969757,100,651,1
1998,1998.381909608841,98,718,1
1999,1999.3730499744415,94,698,1
2000,2000.4065115451813,94,666,1
2001,2001.3515129089355,93,661,1
2002,2002.3416163921356,93,656,1
2003,2003.378889799118,93,689,1
2004,2004.368947505951,92,702,1
2005,2005.3577482700348,91,701,1
2006,2006.3474252223969,90,710,1
2007,2007.3381011486053,90,674,1
2008,2008.3735718727112,90,677,1
2009,2009.3638484477997,90,696,1
2010,2010.353801727295,90,658,1
2011,2011.3466966152191,90,679,1
2012,2012.3789556026459,90,656,1
2013,2013.3690865039825,91,672,1
2014,2014.3589832782745,91,672,1
2015,2015.3499784469604,91,678,1
2016,2016.3431725502014,91,669,1
2017,2017.3749468326569,91,653,1
2018,2018.3655753135681,92,646,1
2019,2019.356428861618,93,600,1
2020,2020.345401763916,95,619,1
2021,2021.379885673523,96,636,1
2022,2022.3718054294586,96,695,1
2023,2023.4056162834167,94,705,1
2024,2024.3973414897919,92,686,1
2025,2025.3894596099854,92,642,1
2026,2026.3767318725586,93,634,1
2027,2027.3676693439484,94,448,1
2028,2028.3567686080933,94,635,1
2029,2029.3468234539032,95,649,1
2030,2030.3845829963684,95,643,1
2031,2031.3724856376648,95,649,1
2032,2032.3629920482635,95,678,1
2033,2033.3524329662323,94,717,1
2034,2034.3427457809448,92,660,1
2035,2035.3799831867218,92,663,1
2036,2036.3687658309937,92,656,1
2037,2037.3607630729675,93,657,1
2038,2038.3511197566986,93,651,1
2039,2039.3841485977173,94,637,1
2040,2040.3744716644287,95,649,1
2041,2041.365555524826,95,641,1
2042,2042.3543965816498,95,663,1
2043,2043.3444459438324,94,661,1
2044,2044.3796999454498,94,664,1
2045,2045.370816707611,94,671,1
2046,2046.3610937595367,93,665,1
2047,2047.3507788181305,93,654,1
2048,2048.385848045349,94,630,1
2049,2049.3756046295166,95,662,1
2050,2050.3665339946747,94,659,1
2051,2051.356105327606,94,667,1
2052,2052.392026424408,94,685,1
2053,2053.3816792964935,93,669,1
2054,2054.417031288147,93,689,1
2055,2055.3622455596924,92,656,1
2056,2056.354259252548,92,641,1
2057,2057.387142896652,93,660,1
2058,2058.3781356811523,93,643,1
2059,2059.37055683136,94,648,1
2060,2060.369654417038,94,622,1
2061,2061.349684238434,95,632,1
2062,2062.3849606513977,95,639,1
2063,2063.3746795654297,96,643,1
2064,2064.364530324936,96,652,1
2065,2065.3540761470795,95,676,1
2066,2066.38946557045,93,710,1
2067,2067.380325317383,92,661,1
2068,2068.369617462158,92,675,1
2069,2069.359765291214,92,656,1
2070,2070.349874973297,93,628,1
2071,2071.3853545188904,93,632,1
2072,2072.376499891281,95,641,1
2073,2073.410203933716,94,670,3
2074,2074.4018428325653,94,620,3
2075,2075.3912715911865,96,616,3
2076,2076.380391359329,96,680,3
2077,2077.371580839157,95,664,2
2078,2078.361041545868,94,711,2
2079,2079.3515734672546,92,715,2
2080,2080.386694431305,92,676,2
2081,2081.3776891231537,91,679,2
2082,2082.366920232773,92,598,2
2083,2083.35671210289,96,580,2
2084,2084.392530441284,98,589,2
2085,2085.3832714557648,100,615,2
2086,2086.3733656406403,100,671,2
2087,2087.3627948760986,98,635,2
2088,2088.353384256363,99,603,2
2089,2089.388459444046,99,624,2
2090,2090.3787755966187,99,622,2
2091,2091.368840932846,99,625,2
2092,2092.3602101802826,99,640,2
2093,2093.3939242362976,98,626,2
2094,2094.3842601776123,99,618,2
2095,2095.3744151592255,99,634,2
2096,2096.410964012146,98,635,2
2097,2097.3557193279266,98,624,2
2098,2098.3909528255463,98,633,2
2099,2099.4260816574097,97,648,2
2100,2100.3706917762756,97,649,2
2101,2101.3600165843964,96,652,2
2102,2102.44101190567,96,630,2
2103,2103.386483192444,96,627,2
2104,2104.376537799835,96,647,2
2105,2105.3663885593414,96,642,2
2106,2106.356674671173,96,647,2
2107,2107.391426086426,96,651,2
2108,2108.3824677467346,95,653,3
2109,2109.375416994095,95,669,3
2110,2110.3627967834473,94,646,3
2111,2111.3984456062317,95,643,3
2112,2112.3876643180847,95,612,3
2113,2113.377941608429,97,592,3
2114,2114.369033575058,99,601,3
2115,2115.3581404685974,99,666,3
2116,2116.3931777477264,98,637,3
2117,2117.3840103149414,96,659,3
2118,2118.3772706985474,96,589,1
2119,2119.3641369342804,98,589,1
2120,2120.3995249271393,102,563,1
2121,2121.390070438385,105,558,1
2122,2122.425214767456,106,567,1
2123,2123.41934466362,107,573,1
2124,2124.4054589271545,107,592,1
2125,2125.398720741272,105,620,1
2126,2126.3853232860565,104,617,1
2127,2127.375776529312,102,621,1
2128,2128.366745710373,101,601,1
2129,2129.402213573456,101,612,1
2130,2130.39124917984,101,614,1
2131,2131.381497144699,101,612,1
2132,2132.3767006397247,101,638,1
2133,2133.3620545864105,98,658,1
2134,2134.3974075317383,97,660,1
2135,2135.3876688480377,96,657,1
2136,2136.378217458725,96,620,1
2137,2137.3717765808105,97,630,1
2138,2138.4029734134674,96,684,1
2139,2139.3932399749756,95,652,1
2140,2140.3829431533813,94,669,1
2141,2141.375338792801,94,646,1
2142,2142.363265991211,94,652,1
2143,2143.398909330368,94,633,1
2144,2144.4342682361603,95,619,1
2145,2145.3827545642853,96,638,1
2146,2146.3726263046265,96,633,1
2147,2147.404483318329,96,650,1
2148,2148.3945622444153,95,665,1
2149,2149.385120868683,95,643,1
2150,2150.375252008438,95,651,1
2151,2151.4144608974457,95,648,1
2152,2152.4007008075714,95,643,1
2153,2153.3909227848053,95,654,1
2154,2154.3830947875977,95,649,1
2155,2155.3721771240234,95,647,1
2156,2156.406274795532,95,605,1
2157,2157.3976922035217,97,613,1
2158,2158.3882632255554,99,590,1
2159,2159.3768651485443,100,605,1
2160,2160.3707044124603,101,601,1
2161,2161.402426958084,101,616,1
2162,2162.3921439647675,101,620,1
2163,2163.3831338882446,100,604,1
2164,2164.3733072280884,100,611,1
2165,2165.408118247986,101,594,1
2166,2166.398729324341,101,594,1
2167,2167.388720035553,102,592,1
2168,2168.380039215088,103,597,1
2169,2169.369008541107,102,620,1
2170,2170.4062044620514,101,628,1
2171,2171.3944749832153,101,602,1
2172,2172.4301376342773,101,599,1
2173,2173.4198303222656,102,588,1
2174,2174.412657737732,102,609,1
2175,2175.3995349407196,101,640,1
2176,2176.3903489112854,100,640,1
2177,2177.381280899048,99,685,1
2178,2178.3710417747498,96,669,1
2179,2179.405607700348,96,655,1
2180,2180.395809173584,95,650,1
2181,2181.3861649036407,96,623,1
2182,2182.378662109375,96,646,1
2183,2183.413569688797,96,647,1
2184,2184.4014813899994,96,631,1
2185,2185.3923976421356,96,636,1
2186,2186.3880195617676,97,631,1
2187,2187.3723969459534,96,657,1
2188,2188.408544063568,96,632,1
2189,2189.399260044098,96,447,1
2190,2190.3878698349,95,774,1
2191,2191.3810606002808,95,636,1
2192,2192.413351535797,95,640,1
2193,2193.4036099910736,95,651,1
2194,2194.3941938877106,95,664,1
2195,2195.3844032287598,94,672,1
2196,2196.3740017414093,94,664,1
2197,2197.411679506302,94,659,1
2198,2198.3992087841034,94,643,1
2199,2199.4343721866608,94,638,1
2200,2200.3817386627197,95,640,1
2201,2201.5063750743866,95,631,1
2202,2202.404824256897,96,642,1
2203,2203.395654439926,96,633,1
2204,2204.3859403133392,96,636,1
2205,2205.3763511180878,96,655,1
2206,2206.411699771881,96,635,1
2207,2207.4011561870575,96,639,1
2208,2208.3923234939575,96,648,1
2209,2209.3815443515778,96,640,1
2210,2210.417864561081,96,646,1
2211,2211.406773328781,96,629,1
2212,2212.3979890346527,96,620,1
2213,2213.388840198517,97,630,1
2214,2214.377266407013,97,628,1
2215,2215.412674665451,97,646,1
2216,2216.406806945801,96,662,1
2217,2217.393509864807,96,654,1
2218,2218.3835389614105,95,639,1
2219,2219.374043226242,95,618,1
2220,2220.4083864688873,97,613,1
2221,2221.398533344269,98,616,1
2222,2222.4342782497406,98,612,1
2223,2223.4262738227844,99,625,1
2224,2224.4140338897705,98,626,1
2225,2225.40460062027,99,617,1
2226,2226.3948628902435,99,619,1
2227,2227.3857231140137,99,611,1
2228,2228.3754472732544,99,638,1
2229,2229.4102880954742,98,636,1
2230,2230.405164718628,98,637,1
2231,2231.391087770462,97,639,1
2232,2232.4263231754303,98,618,1
2233,2233.4167029857635,98,603,1
2234,2234.408395051956,99,585,1
2235,2235.3985435962677,101,587,1
2236,2236.387875318527,102,598,1
2237,2237.376649618149,102,603,1
2238,2238.41215634346,102,618,1
2239,2239.402186870575,101,607,1
2240,2240.3918845653534,101,609,1
2241,2241.382793188095,101,583,3
2242,2242.4178643226624,103,581,3
2243,2243.4079740047455,104,563,3
2244,2244.401014328003,107,547,2
2245,2245.3897194862366,109,546,2
2246,2246.3782868385315,109,582,2
2247,2247.4142515659332,108,618,2
2248,2248.4039676189423,105,667,2
2249,2249.3934395313263,101,665,2
2250,2250.3841853141785,99,606,2
2251,2251.4190442562103,99,612,2
2252,2252.410189151764,100,624,2
2253,2253.4454851150513,99,608,2
2254,2254.390106678009,100,621,2
2255,2255.3804771900177,99,622,2
2256,2256.415312051773,99,648,2
2257,2257.4057052135468,98,634,2
2258,2258.399146795273,98,657,2
2259,2259.385963201523,96,687,2
2260,2260.421436071396,95,666,2
2261,2261.411816596985,94,670,2
2262,2262.402704000473,93,660,2
2263,2263.3924465179443,94,645,2
2264,2264.3819346427917,94,645,2
2265,2265.417154312134,94,630,2
2266,2266.408129453659,94,464,2
2267,2267.397169828415,94,668,2
2268,2268.388377428055,94,620,2
2269,2269.4236245155334,95,643,2
2270,2270.414388895035,95,692,2
2271,2271.447783946991,94,664,2
2272,2272.4423422813416,93,679,2
2273,2273.4286324977875,92,685,2
2274,2274.4182543754578,92,664,2
2275,2275.409041404724,93,657,3
2276,2276.399400949478,94,649,3
2277,2277.389705181122,94,631,3
2278,2278.424306869507,95,614,3
2279,2279.4154896736145,96,623,3
2280,2280.404753923416,99,585,3
2281,2281.395459651947,100,583,3
2282,2282.385106563568,102,577,3
2283,2283.42050075531,105,547,3
2284,2284.41041636467,108,541,3
2285,2285.4011590480804,109,549,3
2286,2286.3914165496826,110,558,1
2287,2287.471023797989,110,581,1
2288,2288.416688680649,108,592,1
2289,2289.407341480255,106,615,1
2290,2290.3967032432556,105,612,1
2291,2291.387280225754,103,612,1
2292,2292.422916650772,102,604,1
2293,2293.4124040603638,102,619,1
2294,2294.4026567935944,101,627,1
2295,2295.3932824134827,101,618,1
2296,2296.428577184677,100,644,1
2297,2297.419716358185,98,646,1
2298,2298.4105241298676,97,670,1
2299,2299.398895740509,96,666,1
2300,2300.389277458191,95,632,1
2301,2301.424683570862,96,628,1
2302,2302.4145016670227,97,598,1
2303,2303.404448032379,98,617,1
2304,2304.394725084305,99,627,1
2305,2305.429488182068,98,634,1
2306,2306.421790599823,98,654,1
2307,2307.4551463127136,97,643,1
2308,2308.4019327163696,97,641,1
2309,2309.393792629242,96,642,1
2310,2310.427859544754,97,587,1
2311,2311.416289329529,100,588,1
2312,2312.406152486801,101,581,1
2313,2313.3976016044617,102,580,1
2314,2314.43230342865,104,580,1
2315,2315.421889066696,105,574,1
2316,2316.412618637085,105,592,1
2317,2317.4022564888,105,576,1
2318,2318.3932571411133,105,587,1
2319,2319.4279680252075,105,578,1
2320,2320.4179854393005,106,570,1
2321,2321.45317029953,107,579,1
2322,2322.4432055950165,107,567,1
2323,2323.437604188919,106,608,1
2324,2324.4234821796417,105,673,1
2325,2325.4136996269226,101,645,1
2326,2326.404543161392,100,642,1
2327,2327.394508600235,98,650,1
2328,2328.4288935661316,97,650,1
2329,2329.4213194847107,96,682,1
2330,2330.4094059467316,95,712,1
2331,2331.4003612995148,92,679,1
2332,2332.4346454143524,92,690,1
2333,2333.4265434741974,91,678,1
2334,2334.4159858226776,91,663,1
2335,2335.4061460494995,92,669,1
2336,2336.3969860076904,92,666,1
2337,2337.4336717128754,92,686,1
2338,2338.4208111763,91,660,1
2339,2339.411841392517,91,662,1
2340,2340.4013335704803,92,668,1
2341,2341.436618566513,92,664,1
2342,2342.4268350601196,92,669,1
2343,2343.4200060367584,92,660,1
2344,2344.4076347351074,92,685,1
2345,2345.3988790512085,92,672,1
2346,2346.4324419498444,91,684,1
2347,2347.4238946437836,91,672,1
2348,2348.4132239818573,91,660,1
2349,2349.4031748771667,91,679,1
2350,2350.439064502716,91,657,1
2351,2351.4326424598694,92,667,1
2352,2352.4191122055054,92,669,1
2353,2353.4092783927917,93,634,1
2354,2354.3987107276917,93,650,1
2355,2355.434750318527,94,640,1
2356,2356.470626592636,94,679,1
2357,2357.4151508808136,93,648,1
2358,2358.454086780548,93,679,1
2359,2359.4409322738647,93,688,1
2360,2360.4753782749176,92,708,1
2361,2361.4207351207733,91,703,1
2362,2362.4133553504944,91,652,1
2363,2363.40567278862,91,669,1
2364,2364.4371585845947,91,666,1
2365,2365.4295892715454,91,662,1
2366,2366.4168860912323,91,705,1
2367,2367.4077427387238,91,672,1
2368,2368.442344903946,90,706,1
2369,2369.43244099617,90,669,1
2370,2370.4235887527466,90,663,1
2371,2371.4577367305756,91,659,1
2372,2372.447768688202,92,657,1
2373,2373.437673330307,92,676,1
2374,2374.429486989975,92,647,1
2375,2375.418496131897,92,676,1
2376,2376.408618927002,92,651,1
2377,2377.443637609482,93,646,1
2378,2378.479556322098,93,654,1
2379,2379.4273512363434,94,639,1
2380,2380.4149045944214,94,649,1
2381,2381.4042296409607,95,666,1
2382,2382.4396345615387,94,686,1
2383,2383.4770550727844,93,648,1
2384,2384.42098736763,93,669,1
2385,2385.411051750183,93,660,1
2386,2386.492246866226,93,776,1
2387,2387.436385154724,92,656,1
2388,2388.4259700775146,93,649,1
2389,2389.416286945343,93,672,1
2390,2390.4062373638153,92,704,1
2391,2391.441803455353,91,662,1
2392,2392.4314243793488,92,690,1
2393,2393.4698181152344,91,689,1
2394,2394.4119260311127,91,682,1
2395,2395.4506843090057,91,667,1
2396,2396.4371979236603,91,652,1
2397,2397.4276299476624,92,662,1
2398,2398.417691707611,92,637,1
2399,2399.4077372550964,93,657,1
2400,2400.443555831909,93,672,1
2401,2401.433693885803,93,656,1
2402,2402.424396276474,93,661,1
2403,2403.4142479896545,93,649,1
2404,2404.449333190918,93,660,1
2405,2405.4388451576233,93,664,1
2406,2406.4289889335632,93,656,1
2407,2407.419435739517,93,677,1
2408,2408.4551587104797,93,681,1
2409,2409.4901304244995,92,673,1
2410,2410.4359238147736,92,686,1
2411,2411.4251515865326,91,648,1
2412,2412.4154772758484,92,664,1
2413,2413.450570821762,92,650,1
2414,2414.4403455257416,93,675,1
2415,2415.431394100189,92,688,1
2416,2416.4222984313965,92,651,1
2417,2417.412252664566,92,652,1
2418,2418.4474012851715,93,458,1
2419,2419.4369962215424,93,657,1
2420,2420.428706407547,93,642,1
2421,2421.4620990753174,94,648,1
2422,2422.4523317813873,94,670,1
2423,2423.4428000450134,94,654,1
2424,2424.4331498146057,93,681,1
2425,2425.4232501983643,93,657,1
2426,2426.4130489826202,92,829,1
2427,2427.449695110321,92,708,1
2428,2428.4382548332214,91,678,1
2429,2429.428661108017,90,734,1
2430,2430.419212579727,88,744,1
2431,2431.454524755478,88,709,1
2432,2432.4445056915283,88,697,3
2433,2433.435157775879,89,639,3
